Title,Date
"Love, Death & Robots: Volumen 4: Can't Stop","3/3/26"
"Love, Death & Robots: Volumen 4: El camino a la religión","3/3/26"
"Love, Death & Robots: Volumen 4: La otra cosa grande","3/3/26"
"Bastardos sin gloria","2/21/26"
"El secreto de sus ojos","2/19/26"
"La sociedad de los poetas muertos","1/18/26"
"Rick y Morty: Temporada 4: El rickgreso del Jerri","1/18/26"
"Frankenstein","12/24/25"
"División Palermo: Temporada 1: Los escalones están en tu mente","9/8/25"
"División Palermo: Temporada 1: Un match","9/8/25"
"Love, Death & Robots: Volumen 4: Spider Rose","8/19/25"
"Love, Death & Robots: Volumen 4: Miniencuentros del tercer tipo","8/19/25"
"El Eternauta: Paisaje","6/8/25"
"El Eternauta: Credo","5/27/25"
"Cacería implacable: Osama bin Laden: Una nueva clase de enemigo","5/27/25"
"El Eternauta: El magnetismo","5/26/25"
"El Eternauta: Salgan al sol","5/10/25"
"El Eternauta: Noche de truco","5/10/25"
"Las chicas Gilmore: Temporada 7: Tejer por tejer","4/8/25"
"Las chicas Gilmore: Temporada 6: Despedidas","4/8/25"
"Adolescencia: Miniserie: Episodio 4","3/31/25"
"Las leyes de la frontera","3/3/25"
"Bastion 36","3/3/25"
"Sin novedad en el frente","3/3/25"
"Cell 211","3/2/25"
"Sin miedo: Temporada 1: Un campeón no conoce fronteras","3/2/25"
"Cowboys de Filadelfia","3/2/25"
"Siempre quise ser cowboy","3/2/25"
"El juego del calamar: Temporada 2: Fiesta de Halloween","12/30/24"
"El juego del calamar: Temporada 1: Infierno","12/30/24"
"Nuestro secretito","12/15/24"
"El Padrino","12/15/24"
"Envidiosa: Temporada 1: Historia clínica","12/1/24"
"Arcane: Temporada 1: ¡Bienvenidos!","11/25/24"
"Arcane: Temporada 2: La mugre bajo tus uñas","11/25/24"
"Arcane: Temporada 2: Matar es un ciclo","11/25/24"
"Arcane: Temporada 2: Finjamos que es la primera vez","11/25/24"
"Arcane: Temporada 2: Pintemos la ciudad de azul","11/25/24"
"Envidiosa: Temporada 1: Rota y Roto","11/22/24"
"Envidiosa: Temporada 1: Todas se casan menos vos","11/22/24"
"Envidiosa: Temporada 1: Ametralladora de likes","11/22/24"
"Jake Paul vs. Mike Tyson","11/16/24"
"Arcane: Temporada 2: Por fin pudiste pronunciar mi nombre","11/15/24"
"Arcane: Temporada 2: Ver cómo se quema todo","11/14/24"
"Arcane: Temporada 2: El peso del liderazgo","11/14/24"
"Envidiosa: Temporada 1: Pizza Delivery","10/30/24"
"El paquete","10/19/24"
"Envidiosa: Temporada 1: Barrilete cósmico","10/12/24"
"Envidiosa: Temporada 1: Todo sobre Vicky","10/12/24"
"The Office (EE. UU.): Temporada 1: Pilot","9/14/24"
"How to Sell Drugs Online (Fast): Temporada 1: Nerd hoy, jefe mañana","9/14/24"
"Las chicas Gilmore: Temporada 6: Conduciendo a Miss Gilmore","8/3/24"
"Las chicas Gilmore: Temporada 1: Piloto","8/3/24"
"Top Gun: Maverick","2/27/24"
"La sociedad de la nieve","1/12/24"
"Kung Fu Panda 3","9/16/23"
"La llegada","9/2/23"
"División Palermo: Temporada 1: Casi héroes","4/9/23"
"División Palermo: Temporada 1: Noche de la electrónica","4/9/23"
"División Palermo: Temporada 1: Amistades peligrosas","4/6/23"
"División Palermo: Temporada 1: Fin de semana verde","3/11/23"
"División Palermo: Temporada 1: Bienvenido a la selva","3/10/23"
"División Palermo: Temporada 1: Guardia urbana","3/10/23"
"Nuestro universo: Miniserie: Fuerza de atracción","3/8/23"
"Nuestro universo: Miniserie: El mundo del agua","3/7/23"
"Nuestro universo: Miniserie: Elemental","3/2/23"
"Nuestro universo: Miniserie: El reloj cósmico","3/2/23"
"Nuestro universo: Miniserie: Bajo la luz del sol","3/1/23"
"Caracortada","2/3/23"
"El Padrino EPÍLOGO: La muerte de Michael Corleone","2/3/23"
"El Padrino: Parte II","1/14/23"
"Caleidoscopio: Miniserie: Blanco (El robo)","1/14/23"
"Caleidoscopio: Miniserie: Rosa (Seis meses después del robo)","1/14/23"
"Caleidoscopio: Miniserie: Naranja (Tres semanas antes del robo)","1/11/23"
"Caleidoscopio: Miniserie: Rojo (La mañana después del robo)","1/11/23"
"Caleidoscopio: Miniserie: Amarillo (Seis semanas antes del robo)","1/11/23"
"Caleidoscopio: Miniserie: Verde (Siete años antes del robo)","1/7/23"
"Caleidoscopio: Miniserie: Violeta (Veinticuatro años antes del robo)","1/7/23"
"Caleidoscopio: Miniserie: Azul (Cinco días antes del robo)","1/7/23"
"Caleidoscopio: Miniserie: Negro","1/7/23"
"El método","12/16/22"
"Sean eternos: Campeones de América: A todo o nada","11/5/22"
"Sean eternos: Campeones de América: Un equipo, un líder","11/5/22"
"Sean eternos: Campeones de América: Cuentas pendientes","11/5/22"
"Un viaje al infinito","10/29/22"
"Patrulla de cachorros: Temporada 6: Rescate máximo: Los cachorros salvan a la ciudad de derretirse / Rescate máximo: Los cachorros resuelven el misterio de los teléfonos desaparecidos","9/4/22"
"Patrulla de cachorros: Temporada 6: Los cachorros salvan a los pingüinos de la selva / Los cachorros salvan a un carguero","9/4/22"
"The Midnight Gospel: Desde adentro","9/4/22"
"Había una vez en Hollywood","9/4/22"
"Top Gun: Pasión y gloria","9/4/22"
"Revenant: El renacido","8/21/22"
"The Midnight Gospel: Muerte, me encantó conocerte","8/7/22"
"The Midnight Gospel: El trasero de tu mente","8/7/22"
"The Umbrella Academy: Temporada 3: Kugelblitz","8/6/22"
"The Umbrella Academy: Temporada 3: Lleno de luz","8/6/22"
"The Midnight Gospel: Saca esas cucharas","7/27/22"
"The Umbrella Academy: Temporada 3: El ovillo más grande del mundo","7/25/22"
"The Umbrella Academy: Temporada 3: Les presento a su familia","7/25/22"
"Peaky Blinders: Temporada 6: Secreto bajo llave","7/22/22"
"Peaky Blinders: Temporada 6: Camino al infierno","7/22/22"
"Stranger Things: Stranger Things 4: Capítulo nueve: El huésped","7/3/22"
"Stranger Things: Stranger Things 4: Capítulo ocho: Papá","7/3/22"
"Whiplash: Música y obsesión","6/26/22"
"Peaky Blinders: Temporada 6: Zafiro","6/20/22"
"Peaky Blinders: Temporada 6: Oro","6/20/22"
"Love, Death & Robots: Volumen 3: Jíbaro","6/18/22"
"Love, Death & Robots: Volumen 3: En salas abovedadas sepultadas","6/18/22"
"Love, Death & Robots: Volumen 3: Ratas de Mason","6/18/22"
"Love, Death & Robots: Volumen 3: Enjambre","6/18/22"
"Love, Death & Robots: Volumen 3: Equipo mortal","6/18/22"
"Love, Death & Robots: Volumen 3: La noche de los minimuertos","6/18/22"
"Love, Death & Robots: Volumen 3: El mismo pulso de la máquina","6/18/22"
"Love, Death & Robots: Volumen 3: Mal viaje","6/18/22"
"Love, Death & Robots: Volumen 3: Los tres robots: Estrategias de salida","6/18/22"
"Nuevo sabor a cereza: Miniserie: Batido de renacuajo","6/14/22"
"Peaky Blinders: Temporada 6: Camisa negra","6/12/22"
"Peaky Blinders: Temporada 6: Día negro","6/12/22"
"Stranger Things: Stranger Things 4: Capítulo siete: Masacre en el laboratorio Hawkins","6/10/22"
"Stranger Things: Stranger Things 4: Capítulo seis: En lo profundo","6/10/22"
"Stranger Things: Stranger Things 4: Capítulo cinco: Proyecto Nina","6/10/22"
"Stranger Things: Stranger Things 4: Capítulo cuatro: Querido Billy","6/10/22"
"Stranger Things: Stranger Things 4: Capítulo tres: ¿Monstruo o superheroína?","6/10/22"
"Stranger Things: Stranger Things 4: Capítulo dos: La maldición de Vecna","6/9/22"
"Stranger Things: Stranger Things 4: Capítulo uno: El club","6/1/22"
"The Midnight Gospel: Ordeñar el cuervito","5/25/22"
"The Midnight Gospel: ¿Vomitas helado?","5/25/22"
"The Midnight Gospel: Medita como Cristo","5/25/22"
"The Midnight Gospel: Malditos zombis","5/22/22"
"El marginal: Temporada 5: Capítulo 1","5/15/22"
"Los Simuladores: Capítulo 3","3/20/22"
"La masacre de Texas","2/28/22"
"Gran Torino","2/21/22"
"El marginal: Temporada 4: Capítulo 5","2/8/22"
"El marginal: Temporada 4: Capítulo 4","2/4/22"
"El marginal: Temporada 4: Capítulo 3","2/3/22"
"El club de la pelea","1/18/22"
"Eterno resplandor de una mente sin recuerdos","1/18/22"
"El Potro, lo mejor del amor","12/30/21"
"Toc toc: Una comedia obsesivamente divertida","12/22/21"
"La casa de papel: Parte 5: La teoría de la elegancia","12/13/21"
"La casa de papel: Parte 5: Ciencia ilusionada","12/13/21"
"La casa de papel: Parte 5: Una tradición familiar","12/13/21"
"La casa de papel: Parte 5: Lo que se habla en la cama","12/13/21"
"Arcane: Temporada 1: El monstruo que creaste","11/21/21"
"Arcane: Temporada 1: Agua y aceite","11/20/21"
"Arcane: Temporada 1: El salvador","11/20/21"
"Arcane: Temporada 1: Cuando caigan estos muros","11/16/21"
"Arcane: Temporada 1: Todo el mundo quiere ser mi enemigo","11/15/21"
"Arcane: Temporada 1: ¡Feliz Día del Progreso!","11/15/21"
"Arcane: Temporada 1: La violencia bruta es necesaria para el cambio","11/15/21"
"Arcane: Temporada 1: Algunos misterios están mejor sin resolver","11/11/21"
"El caso Hartung: Episodio 3","11/6/21"
"El caso Hartung: Episodio 2","11/6/21"
"El caso Hartung: Episodio 1","10/30/21"
"Rick y Morty: Temporada 4: Childrick of Morta","10/18/21"
"Rick y Morty: Temporada 4: El episodio del tanque de ácido","10/18/21"
"Rick y Morty: Temporada 1: La simulación alienígena","10/18/21"
"Rick y Morty: Temporada 1: Parque anatómico","10/18/21"
"Rick y Morty: Temporada 1: Invasión canina","10/18/21"
"Rick y Morty: Temporada 1: Buscando las semillas","10/18/21"
"Rick y Morty: Temporada 3: Pepinillo Rick","10/18/21"
"Rick y Morty: Temporada 2: Los Ricks deben estar locos","10/13/21"
"Rick y Morty: Temporada 2: Ponte ricoso","10/13/21"
"El juego del calamar: Temporada 1: Los VIP","10/9/21"
"El juego del calamar: Temporada 1: Gganbu","10/9/21"
"El juego del calamar: Temporada 1: Un mundo justo","10/9/21"
"El juego del calamar: Temporada 1: No abandones el equipo","10/9/21"
"El juego del calamar: Temporada 1: El hombre del paraguas","10/8/21"
"El juego del calamar: Temporada 1: Luz roja, luz verde","10/7/21"
"Sex Education: Temporada 3: Episodio 8","10/4/21"
"Sex Education: Temporada 3: Episodio 7","10/4/21"
"Sex Education: Temporada 3: Episodio 6","10/1/21"
"Sex Education: Temporada 3: Episodio 5","10/1/21"
"Sex Education: Temporada 3: Episodio 4","9/28/21"
"Sex Education: Temporada 3: Episodio 3","9/27/21"
"El Reino: Temporada 1: Control de daños","9/12/21"
"La casa de papel: Parte 5: Vivir muchas vidas","9/5/21"
"La casa de papel: Parte 5: Tu sitio en el cielo","9/5/21"
"La casa de papel: Parte 5: El espectáculo de la vida","9/5/21"
"La casa de papel: Parte 5: ¿Crees en la reencarnación?","9/5/21"
"La casa de papel: Parte 5: El final del camino","9/5/21"
"Outer Banks: Temporada 1: Piloto","8/22/21"
"Lupin: Parte 2: Capítulo 10","8/7/21"
"Lupin: Parte 2: Capítulo 9","8/7/21"
"Lupin: Parte 2: Capítulo 8","8/4/21"
"Paul","8/1/21"
"Okupas: Los cincos mandamientos","7/30/21"
"Lupin: Parte 2: Capítulo 7","7/29/21"
"Lupin: Parte 2: Capítulo 6","7/29/21"
"Sexo/Vida: Temporada 1: Las esposas están en Connecticut","7/28/21"
"La calle del terror (Parte 3): 1666","7/28/21"
"Lupin: Parte 1: Capítulo 5","7/21/21"
"Lupin: Parte 1: Capítulo 4","7/21/21"
"Lupin: Parte 1: Capítulo 3","7/21/21"
"Lupin: Parte 1: Capítulo 2","7/20/21"
"Lupin: Parte 1: Capítulo 1","7/20/21"
"Breaking Bad: Temporada 5: Felina","7/13/21"
"El Camino: Una película de Breaking Bad","7/13/21"
"Breaking Bad: Temporada 5: Pizarra de granito","7/9/21"
"Breaking Bad: Temporada 5: Ozymandias","7/9/21"
"Breaking Bad: Temporada 5: Tohajiilee","7/8/21"
"Breaking Bad: Temporada 5: Perro rabioso","7/8/21"
"Breaking Bad: Temporada 5: Confesiones","7/4/21"
"Breaking Bad: Temporada 5: Enterrado","7/4/21"
"Breaking Bad: Temporada 5: Dinero sangriento","7/3/21"
"Breaking Bad: Temporada 5: Planeando sobre todos","7/3/21"
"Breaking Bad: Temporada 5: Vive libre o muere","7/3/21"
"Breaking Bad: Temporada 5: Di mi nombre","7/1/21"
"Breaking Bad: Temporada 5: Adquisición","7/1/21"
"Breaking Bad: Temporada 5: Carga de muerte","6/29/21"
"Breaking Bad: Temporada 5: 51 (Cincuenta y uno)","6/29/21"
"Breaking Bad: Temporada 5: Peligro","6/29/21"
"Breaking Bad: Temporada 5: Madrigal","6/28/21"
"Breaking Bad: Temporada 4: Cara a cara","6/27/21"
"Breaking Bad: Temporada 4: Entrepiso","6/27/21"
"Breaking Bad: Temporada 4: Fin de los tiempos","6/26/21"
"Breaking Bad: Temporada 4: Salud","6/25/21"
"Breaking Bad: Temporada 4: Micrófono","6/24/21"
"Breaking Bad: Temporada 4: Hermanos","6/23/21"
"Breaking Bad: Temporada 4: Perro problemático","6/23/21"
"Breaking Bad: Temporada 4: Arrinconados","6/23/21"
"Breaking Bad: Temporada 4: Copiloto","6/23/21"
"Sospecha mortal","6/21/21"
"El diablo a todas horas","6/21/21"
"Breaking Bad: Temporada 4: Puntos clave","6/21/21"
"Kick-Ass 2","6/20/21"
"Breaking Bad: Temporada 4: Casa abierta","6/16/21"
"Breaking Bad: Temporada 4: Revólver calibre 38","6/16/21"
"Breaking Bad: Temporada 4: Navaja","6/15/21"
"Breaking Bad: Temporada 3: Medidas totales","6/14/21"
"Breaking Bad: Temporada 3: Medias medidas","6/13/21"
"Breaking Bad: Temporada 3: Abiquiú","6/12/21"
"Breaking Bad: Temporada 3: Vuelo","6/12/21"
"Breaking Bad: Temporada 3: Kafkiano","6/12/21"
"Breaking Bad: Temporada 3: Te veo","6/12/21"
"Breaking Bad: Temporada 3: Un minuto","6/9/21"
"Breaking Bad: Temporada 3: Atardecer","6/9/21"
"Kick-Ass: Un superhéroe sin superpoderes","6/6/21"
"El infiltrado del KKKlan","6/5/21"
"Breaking Bad: Temporada 3: Más","6/5/21"
"Breaking Bad: Temporada 3: Luz verde","6/4/21"
"Breaking Bad: Temporada 3: T. S. T.","6/4/21"
"Policías de repuesto","5/25/21"
"Breaking Bad: Temporada 3: Caballo sin nombre","5/24/21"
"Breaking Bad: Temporada 3: No más","5/24/21"
"Breaking Bad: Temporada 2: ABQ","5/23/21"
"Breaking Bad: Temporada 2: Phoenix","5/23/21"
"Breaking Bad: Temporada 2: Mandala","5/23/21"
"Breaking Bad: Temporada 2: Terminado","5/21/21"
"Breaking Bad: Temporada 2: Cuatro días afuera","5/21/21"
"Breaking Bad: Temporada 2: ¡Llama a Saul!","5/21/21"
"Breaking Bad: Temporada 2: Negro y azul","5/21/21"
"Breaking Bad: Temporada 2: Cucú","5/19/21"
"Breaking Bad: Temporada 2: Rotura","5/18/21"
"Breaking Bad: Temporada 2: Abajo","5/18/21"
"Breaking Bad: Temporada 2: Picadura de una abeja muerta","5/17/21"
"Breaking Bad: Temporada 2: A las brasas","5/17/21"
"Breaking Bad: Temporada 2: Siete con treinta y siete","5/16/21"
"Breaking Bad: Temporada 1: Acuerdo no violento","5/16/21"
"Breaking Bad: Temporada 1: Cáncer","5/15/21"
"El perfecto asesino","5/9/21"
"Breaking Bad: Temporada 1: Y la bolsa en el río","5/8/21"
"Breaking Bad: Temporada 1: El gato en la bolsa","5/1/21"
"Breaking Bad: Temporada 1: Principio del fin","4/30/21"
"Letras explícitas","4/11/21"
"BoJack Horseman: Temporada 1: BoJack enemigo público","4/6/21"
"Rápidos y furiosos 6","3/28/21"
"Rápidos y furiosos 5in control","3/25/21"
"Rápidos y furiosos","3/23/21"
"Rápido y furioso: Reto Tokio","3/9/21"
"+ Rápido + Furioso","3/9/21"
"Django sin cadenas","3/6/21"
"Rápido y furioso","3/3/21"
"El pianista","3/1/21"
"Operación final","2/28/21"
"Rocky II","2/19/21"
"Rocky","2/10/21"
"300: El nacimiento de un imperio","2/8/21"
"Supercool","1/30/21"
"El marginal: Temporada 3: Capítulo 8","1/23/21"
"El marginal: Temporada 3: Capítulo 7","1/23/21"
"El marginal: Temporada 3: Capítulo 6","1/23/21"
"El marginal: Temporada 3: Capítulo 5","1/17/21"
"El marginal: Temporada 3: Capítulo 4","1/16/21"
"Su casa","1/13/21"
"Fragmentado","1/13/21"
"El marginal: Temporada 3: Capítulo 3","1/11/21"
"El marginal: Temporada 3: Capítulo 2","1/11/21"
"El marginal: Temporada 3: Capítulo 1","1/7/21"
"El marginal: Temporada 2: Capítulo 5","12/29/20"
"El marginal: Temporada 2: Capítulo 4","12/29/20"
"El marginal: Temporada 2: Capítulo 3","12/28/20"
"El marginal: Temporada 2: Capítulo 2","12/27/20"
"El marginal: Temporada 2: Capítulo 1","12/21/20"
"El marginal: Temporada 1: Capítulo 13","12/20/20"
"El marginal: Temporada 1: Capítulo 12","12/20/20"
"El marginal: Temporada 1: Capítulo 11","12/17/20"
"El marginal: Temporada 1: Capítulo 10","12/14/20"
"El marginal: Temporada 1: Capítulo 9","12/12/20"
"El marginal: Temporada 1: Capítulo 8","12/12/20"
"El marginal: Temporada 1: Capítulo 7","12/6/20"
"El marginal: Temporada 1: Capítulo 6","12/6/20"
"El marginal: Temporada 1: Capítulo 5","12/4/20"
"El marginal: Temporada 1: Capítulo 4","12/3/20"
"El marginal: Temporada 1: Capítulo 3","12/3/20"
"El marginal: Temporada 1: Capítulo 2","12/2/20"
"El Halloween de Hubie","11/2/20"
"Corazón loco","9/14/20"
"Anatomía según Grey: Temporada 2: Hacia ti como un tren","9/13/20"
"Anatomía según Grey: Temporada 2: Abran paso al dolor","9/13/20"
"Anatomía según Grey: Temporada 2: Niégalo, niégalo, niégalo","9/13/20"
"The Umbrella Academy: Temporada 2: El fin de algo","8/23/20"
"The Umbrella Academy: Temporada 2: Orden 743","8/23/20"
"The Umbrella Academy: Temporada 2: Las siete etapas","8/23/20"
"The Umbrella Academy: Temporada 2: Ojo por ojo","8/23/20"
"The Umbrella Academy: Temporada 2: Una cena tranquila","8/23/20"
"The Umbrella Academy: Temporada 2: Reunión de emergencia","8/13/20"
"El stand de los besos 2","8/8/20"
"The Umbrella Academy: Temporada 2: Los Doce majestuosos","8/6/20"
"The Umbrella Academy: Temporada 2: Los suecos","8/6/20"
"The Umbrella Academy: Temporada 2: El video de Frankel","8/5/20"
"The Umbrella Academy: Temporada 2: Volver a empezar","8/5/20"
"Norbit","7/22/20"
"La designada ultrafea","7/21/20"
"A todos los chicos de los que me enamoré","7/19/20"
"The Society: Las reglas de Allie","7/15/20"
"Y nadie más que tú","7/12/20"
"365 días","7/9/20"
"The Society: Un maldito dios o algo así","7/8/20"
"The Society: Me pongo en su lugar","7/8/20"
"Bajo el sol de Riccione","7/6/20"
"Annabelle","7/6/20"
"The Society: Gota a gota","7/3/20"
"The Society: Adiós a la inocencia","6/29/20"
"The Society: Nuestro pueblo","6/29/20"
"The Society: Lo que pasó","6/27/20"
"Peaky Blinders: Temporada 5: Sr. Jones","6/22/20"
"Peaky Blinders: Temporada 5: Conmoción","6/19/20"
"Peaky Blinders: Temporada 5: El círculo","6/18/20"
"Peaky Blinders: Temporada 5: Estrategias","6/11/20"
"Peaky Blinders: Temporada 5: Gato negro","5/14/20"
"Peaky Blinders: Temporada 5: Martes negro","5/9/20"
"Peaky Blinders: Temporada 4: La compañía","4/19/20"
"Peaky Blinders: Temporada 4: El duelo","4/16/20"
"Peaky Blinders: Temporada 4: Peligrosa","4/16/20"
"Peaky Blinders: Temporada 4: Mirlo","4/13/20"
"Peaky Blinders: Temporada 4: Paganos","4/12/20"
"Peaky Blinders: Temporada 4: La horca","4/12/20"
"Peaky Blinders: Temporada 3: Episodio 6","4/12/20"
"Peaky Blinders: Temporada 3: Episodio 5","4/11/20"
"Peaky Blinders: Temporada 3: Episodio 4","4/10/20"
"Peaky Blinders: Temporada 3: Episodio 3","4/9/20"
"Peaky Blinders: Temporada 3: Episodio 2","4/9/20"
"Peaky Blinders: Temporada 3: Episodio 1","4/7/20"
"Peaky Blinders: Temporada 2: Episodio 6","4/6/20"
"John Wick 2: Un nuevo día para matar","4/6/20"
"La casa de papel: Parte 4: Plan París","4/4/20"
"La casa de papel: Parte 4: Tumbar la carpa","4/4/20"
"La casa de papel: Parte 4: KO técnico","4/4/20"
"La casa de papel: Parte 4: 5 minutos antes","4/4/20"
"La casa de papel: Parte 4: Suspiros de España","4/4/20"
"La casa de papel: Parte 4: Lección de anatomía","4/4/20"
"La casa de papel: Parte 4: La boda de Berlín","4/4/20"
"La casa de papel: Parte 4: Game Over","4/3/20"
"Élite: Temporada 3: Polo","3/17/20"
"Élite: Temporada 3: Nadia y Omar","3/17/20"
"Élite: Temporada 3: Rebeka","3/17/20"
"Élite: Temporada 3: Ander","3/16/20"
"Élite: Temporada 3: Lu","3/15/20"
"Élite: Temporada 3: Cayetana y Valerio","3/15/20"
"Élite: Temporada 3: Samuel y Guzmán","3/15/20"
"Élite: Temporada 3: Carla","3/15/20"
"Peaky Blinders: Temporada 2: Episodio 5","3/9/20"
"Peaky Blinders: Temporada 2: Episodio 4","3/6/20"
"Peaky Blinders: Temporada 2: Episodio 3","3/5/20"
"Peaky Blinders: Temporada 2: Episodio 2","3/3/20"
"Peaky Blinders: Temporada 2: Episodio 1","3/2/20"
"Peaky Blinders: Temporada 1: Episodio 6","3/2/20"
"Peaky Blinders: Temporada 1: Episodio 5","3/1/20"
"Peaky Blinders: Temporada 1: Episodio 4","3/1/20"
"Peaky Blinders: Temporada 1: Episodio 3","2/29/20"
"Peaky Blinders: Temporada 1: Episodio 2","2/28/20"
"Peaky Blinders: Temporada 1: Episodio 1","2/28/20"
"Los Simuladores: Temporada 2: Capítulo 11","2/28/20"
"Los Simuladores: Temporada 2: Capítulo 10","2/28/20"
"Los Simuladores: Temporada 2: Capítulo 9","2/23/20"
"Los Simuladores: Temporada 2: Capítulo 8","2/13/20"
"Los Simuladores: Temporada 2: Capítulo 7","2/13/20"
"Los Simuladores: Temporada 2: Capítulo 6","2/7/20"
"Los Simuladores: Temporada 2: Capítulo 5","2/7/20"
"Los Simuladores: Temporada 2: Capítulo 4","2/7/20"
"Los Simuladores: Temporada 2: Capítulo 3","2/6/20"
"Los Simuladores: Temporada 2: Capítulo 2","2/6/20"
"Los Simuladores: Temporada 2: Capítulo 1","2/5/20"
"Los Simuladores: Capítulo 13","2/5/20"
"Los Simuladores: Capítulo 12","2/5/20"
"Los Simuladores: Capítulo 11","2/5/20"
"Los Simuladores: Capítulo 10","2/5/20"
"Los Simuladores: Capítulo 9","2/5/20"
"Los Simuladores: Capítulo 8","2/5/20"
"Los Simuladores: Capítulo 7","2/4/20"
"Los Simuladores: Capítulo 6","2/3/20"
"Los Simuladores: Capítulo 5","2/3/20"
"Los Simuladores: Capítulo 4","2/3/20"
"Nisman: El fiscal, la presidenta y el espía: Episodio 1","1/21/20"
"Sex Education: Temporada 2: Episodio 8","1/21/20"
"Sex Education: Temporada 2: Episodio 7","1/20/20"
"Sex Education: Temporada 2: Episodio 6","1/20/20"
"Sex Education: Temporada 2: Episodio 5","1/20/20"
"Sex Education: Temporada 2: Episodio 4","1/19/20"
"Sex Education: Temporada 2: Episodio 3","1/19/20"
"Sex Education: Temporada 2: Episodio 2","1/19/20"
"Sex Education: Temporada 2: Episodio 1","1/19/20"
"Historia de un matrimonio","1/18/20"
"Escuadrón 6","1/4/20"
"El Irlandés","12/17/19"
"Friends: Temporada 4: Los embriones","11/28/19"
"Friends: Temporada 3: El partido de futbol","11/27/19"
"Friends: Temporada 3: El instrumento gigante","11/27/19"
"Friends: Temporada 3: La cama con forma de auto","11/27/19"
"Friends: Temporada 3: Frank hijo","11/27/19"
"Friends: Temporada 3: El túnel metafórico","11/27/19"
"Friends: Temporada 3: El de la jalea","11/27/19"
"Friends: Temporada 10: El final","11/27/19"
"Friends: Donde nani muere dos veces","11/27/19"
"Friends: Estreno","11/27/19"
"Friends: Temporada 10: La fiesta de despedida de Rachel","11/27/19"
"Friends: Temporada 10: Cuando muere Estelle","11/27/19"
"Friends: Temporada 10: La princesa Consuela","11/26/19"
"Friends: Temporada 10: Joey hablando francés","11/26/19"
"Friends: Temporada 10: La boda de Phoebe","11/26/19"
"Friends: Temporada 10: El estríper que llora","11/26/19"
"Friends: Temporada 10: La casa de Westchester","11/26/19"
"Friends: Temporada 10: La madre biológica","11/26/19"
"Friends: Temporada 10: Llegan tarde el Día de Gracias","11/26/19"
"Friends: Temporada 10: Padres calificados","11/26/19"
"Friends: Temporada 10: La beca de Ross","11/26/19"
"Friends: Temporada 10: La niñera es la hermana de Rachel","11/25/19"
"Friends: Uno con el detergente de lavandería de Alemania del Este","11/25/19"
"Friends: Temporada 10: El pastel","11/25/19"
"Friends: Temporada 10: El bronceado de Ross","11/25/19"
"Friends: Temporada 10: Ross dice que está bien","11/25/19"
"Friends: Temporada 10: Cuando Joey y Rachel se besan","11/25/19"
"Friends: Temporada 9: El viaje a Barbados: Segunda Parte","11/25/19"
"Friends: Temporada 9: El viaje a Barbados: Primera Parte","11/25/19"
"Friends: Temporada 9: El donador","11/25/19"
"Friends: Temporada 9: La prueba de fertilidad","11/25/19"
"Friends: Temporada 9: La fiesta de Joey","11/24/19"
"Friends: Temporada 9: El sueño de Rachel","11/24/19"
"Friends: Temporada 9: La lotería","11/24/19"
"Friends: Temporada 9: La conmemoración funeraria","11/24/19"
"Friends: Temporada 9: El aumento de busto","11/24/19"
"Friends: Temporada 9: El asalto","11/24/19"
"Friends: Temporada 9: Dos citas a ciegas","11/24/19"
"Friends: Temporada 7: Ya todos tienen 30 años","11/24/19"
"Anatomía según Grey: La noche de un día difícil","11/23/19"
"Friends: Temporada 9: Monica canta","11/23/19"
"Friends: Temporada 9: Las ratas de Phoebe","11/23/19"
"Friends: Temporada 9: Rachel vuelve al trabajo","11/23/19"
"Friends: Temporada 9: Navidad en Tulsa","11/23/19"
"Friends: Temporada 9: El número telefónico de Rachel","11/23/19"
"Friends: Temporada 9: La otra hermana de Rachel","11/23/19"
"Friends: Temporada 9: La canción vulgar de Ross","11/23/19"
"Friends: Temporada 9: El niñero","11/23/19"
"Friends: Temporada 9: La cena de cumpleaños de Phoebe","11/23/19"
"Friends: Temporada 9: Los tiburones","11/23/19"
"Friends: Temporada 9: El pediatra","11/23/19"
"Friends: Temporada 9: Emma llora y llora","11/23/19"
"Friends: Temporada 9: Nadie propuso matrimonio","11/22/19"
"Friends: Temporada 8: Cuando Rachel tiene a su bebé: Segunda Parte","11/22/19"
"Friends: Temporada 8: Cuando Rachel tiene a su bebé: Primera Parte","11/22/19"
"Friends: Temporada 8: El parto de Rachel se retrasa","11/22/19"
"Friends: Temporada 8: La lección de cocina","11/22/19"
"Friends: Temporada 8: El baby shower","11/22/19"
"Friends: Temporada 8: La entrevista de Joey","11/22/19"
"Friends: Temporada 8: Fiesta en Massapequa","11/22/19"
"Friends: Temporada 8: Las hojas de té","11/22/19"
"Friends: Temporada 8: El alma gemela de Monica","11/22/19"
"Friends: Temporada 8: El video del parto","11/22/19"
"Friends: Temporada 8: El armario secreto","11/22/19"
"Friends: Temporada 8: Chandler toma un baño de tina","11/22/19"
"Friends: Temporada 8: Joey y Rachel tienen una cita","11/21/19"
"Friends: Temporada 8: La relación de Ross avanza","11/21/19"
"Friends: Temporada 8: Las botas de Monica","11/21/19"
"Friends: Temporada 8: El rumor","11/21/19"
"Friends: Temporada 8: El strip tease","11/21/19"
"Friends: Temporada 8: La mancha","11/21/19"
"Friends: Temporada 8: La fiesta de Halloween","11/20/19"
"Friends: Temporada 8: La cita de Rachel","11/20/19"
"Friends: Temporada 8: El videotape","11/20/19"
"Friends: Temporada 8: Rachel les dice...","11/20/19"
"Friends: Temporada 8: El suéter rojo","11/20/19"
"Friends: Temporada 8: Después de la ceremonia","11/20/19"
"Friends: Temporada 7: La boda de Monica y Chandler: Segunda parte","11/20/19"
"Friends: Temporada 7: La boda de Monica y Chandler: Primera parte","11/20/19"
"Friends: Temporada 7: El papá de Chandler","11/20/19"
"Friends: Temporada 7: Los votos","11/20/19"
"Friends: Temporada 7: El superbeso de Rachel","11/20/19"
"Friends: Temporada 7: La prima de Ross y de Monica","11/20/19"
"Friends: Temporada 7: El premio de Joey","11/20/19"
"Friends: Temporada 7: El vestido de novia barato","11/20/19"
"Friends: Temporada 7: La verdad de lo que pasó en Londres","11/20/19"
"Friends: Temporada 7: El nuevo cerebro de Joey","11/20/19"
"Friends: Temporada 7: Cuando muere Tranquilino","11/20/19"
"Friends: Temporada 7: La noche que nadie durmió","11/20/19"
"Friends: Temporada 7: Las tartas de queso","11/20/19"
"Friends: Temporada 7: El armadillo navideño","11/19/19"
"Friends: Temporada 7: Los dulces de Monica","11/19/19"
"Friends: Temporada 7: Chandler odia a los perros","11/19/19"
"Friends: Temporada 7: El libro de la biblioteca","11/19/19"
"Friends: Temporada 7: Compañeros de siesta","11/19/19"
"Friends: Temporada 7: El fotogénico Chandler","11/19/19"
"Friends: Temporada 7: El asistente de Rachel","11/19/19"
"Friends: Temporada 7: Las galletas de Phoebe","11/19/19"
"Friends: Temporada 7: El libro de Rachel","11/19/19"
"Friends: Temporada 7: El trueno de Monica","11/19/19"
"Friends: Temporada 6: Propuesta de matrimonio: Segunda parte","11/19/19"
"Friends: Temporada 6: Propuesta de matrimonio: Primera parte","11/19/19"
"Friends: Temporada 6: La sortija","11/19/19"
"Friends: Temporada 6: Paul es el hombre","11/19/19"
"Friends: Temporada 6: Ross conoce al padre de Elizabeth","11/18/19"
"Friends: Temporada 6: La actuación estelar de Joey","11/18/19"
"Friends: Temporada 6: El refrigerador de Joey","11/18/19"
"Friends: Temporada 6: Ross sale con una estudiante","11/18/19"
"Friends: Temporada 6: El unagi","11/18/19"
"Friends: Temporada 6: The One That Could Have Been: Parte 2","11/18/19"
"Friends: Temporada 6: The One That Could Have Been: Parte 1","11/18/19"
"Friends: Temporada 6: Chandler no puede llorar","11/18/19"
"Friends: Temporada 6: La hermana de Rachel","11/18/19"
"Friends: Temporada 6: El chiste","11/18/19"
"Friends: Temporada 6: La mesa de boticario","11/18/19"
"Friends: Temporada 6: La rutina de baile","11/18/19"
"Friends: Temporada 6: Cuando Ross se drogó","11/17/19"
"Friends: Temporada 6: Los dientes de Ross","11/17/19"
"Friends: Temporada 6: La forma de correr de Phoebe","11/17/19"
"Friends: Temporada 6: La última noche juntas","11/17/19"
"Friends: Temporada 6: El Porsche de Joey","11/17/19"
"Friends: Temporada 6: Joey pierde su seguro médico","11/17/19"
"Friends: Temporada 6: ¿El tercer divorcio?","11/17/19"
"Friends: Temporada 6: Ross abraza a Rachel","11/17/19"
"Friends: Temporada 6: Después de Las Vegas","11/17/19"
"Friends: Temporada 5: Viaje Las Vegas: Segunda parte","11/17/19"
"Friends: Temporada 5: Viaje Las Vegas: Primera parte","11/17/19"
"Friends: Temporada 5: El gran triunfo de Joey","11/17/19"
"Friends: Temporada 5: La pelota","11/17/19"
"Friends: Temporada 5: Ronda policiaca","11/17/19"
"Friends: Temporada 5: Cuando Ross no puede coquetear","11/17/19"
"Friends: Temporada 5: Cuando Rachel fuma","11/16/19"
"Friends: Temporada 5: Rachel, la despistada","11/16/19"
"Friends: Temporada 5: El policía","11/16/19"
"Friends: Temporada 5: La chica que golpea a Joey","11/16/19"
"Friends: Temporada 5: Cuando todos se enteran","11/16/19"
"Friends: Temporada 5: El bolso de Joey","11/16/19"
"Friends: Temporada 5: La risa boba de Chandler","11/16/19"
"Friends: Temporada 5: Los propósitos de Año Nuevo","11/16/19"
"Friends: Temporada 5: La hermana inapropiada","11/16/19"
"Friends: Temporada 5: El emparedado de Ross","11/16/19"
"Friends: Temporada 5: Todos los Días de Gracias","11/16/19"
"Friends: Temporada 5: Ross se muda con los muchachos","11/16/19"
"Friends: Temporada 5: El hombre Yeti","11/16/19"
"Friends: Temporada 5: Cómo decirle a Rachel","11/16/19"
"Friends: Temporada 5: Phoebe odia a la PBS","11/16/19"
"Friends: Temporada 5: Los trillizos","11/15/19"
"Friends: Temporada 5: Chandler, el besucón","11/15/19"
"Friends: Temporada 5: Después de que Ross dice Rachel","11/15/19"
"Friends: Temporada 4: La boda de Ross: Segunda parte","11/15/19"
"Friends: Temporada 4: La boda de Ross: Primera parte","11/15/19"
"Friends: Temporada 4: El peor padrino del mundo","11/15/19"
"Friends: Temporada 4: La invitación","11/15/19"
"Friends: Temporada 4: Las tres con vestido de novia","11/15/19"
"Friends: Temporada 4: Todo apresurado","11/15/19"
"Friends: Temporada 4: El nuevo vestido de Rachel","11/15/19"
"Friends: Temporada 4: Pornografía gratis","11/15/19"
"Friends: Temporada 4: La fiesta de mentiras","11/15/19"
"Friends: Temporada 4: Cuando Ross juega rugby","11/15/19"
"Friends: Temporada 4: El día que Joey estaba sucio","11/15/19"
"Friends: Temporada 4: Rachel enloquece por Joshua","11/15/19"
"Friends: Temporada 4: El útero de Phoebe","11/15/19"
"Friends: Temporada 4: La chica de Poughkeepsie","11/15/19"
"Friends: Temporada 4: Una parranda inolvidable","11/15/19"
"Friends: Temporada 4: Chandler en una caja","11/15/19"
"Friends: Temporada 4: Chandler se pasa de la raya","11/14/19"
"Friends: Temporada 4: Una mujer muy sucia","11/14/19"
"Friends: Temporada 4: La nueva novia de Joey","11/14/19"
"Friends: Temporada 4: El salón de baile","11/14/19"
"Friends: Temporada 4: Las esposas","11/14/19"
"Friends: Temporada 4: El gato","11/14/19"
"Friends: Temporada 4: Aguamala","11/14/19"
"Friends: Temporada 3: En la playa","11/14/19"
"Friends: Temporada 3: El campeón de lucha libre","11/14/19"
"Friends: Temporada 3: La cosa de Ross","11/14/19"
"Friends: Temporada 3: El gritón","11/14/19"
"Friends: Temporada 3: La pollita y el pato","11/14/19"
"Friends: Temporada 3: La casa de muñecas","11/14/19"
"Friends: Temporada 3: La camiseta diminuta","11/14/19"
"Friends: Temporada 3: La cinta de hipnosis","11/13/19"
"Friends: Temporada 3: Todos vamos a esquiar menos uno","11/13/19"
"Friends: Temporada 3: Al día siguiente","11/13/19"
"Friends: Temporada 3: Ross y Rachel se dan un respiro","11/13/19"
"Friends: Temporada 3: La excompañera de Phoebe","11/13/19"
"Friends: Temporada 3: Monica y Richard se hacen amigos","11/13/19"
"Friends: Temporada 3: Loco de celos","11/13/19"
"Friends: Temporada 3: El olvido de Chandler","11/13/19"
"Friends: Temporada 3: Rachel renuncia","11/13/19"
"Friends: Temporada 3: Sucesos del pasado","11/13/19"
"Friends: Temporada 3: Cuando nadie está listo","11/12/19"
"Friends: Temporada 3: La fantasía de la princesa Leia","11/12/19"
"Friends: Temporada 2: La boda de Barry y Mindy","11/12/19"
"Friends: Temporada 2: El de la viruela","11/12/19"
"Friends: Temporada 2: Las dos fiestas","11/12/19"
"Friends: Temporada 2: Los bravucones","11/12/19"
"Friends: Temporada 2: Cuando muere el gruñón","11/12/19"
"Friends: Temporada 2: Cuando Eddie no quiere irse","11/12/19"
"Friends: Temporada 2: Cuando muere el Dr. Ramoray","11/12/19"
"Friends: Temporada 2: Cuando llega Eddie","11/12/19"
"Friends: Temporada 2: Joey se muda","11/12/19"
"Friends: Temporada 2: El reencuentro de Ross y Rachel","11/12/19"
"Friends: Temporada 2: El video del baile","11/12/19"
"Friends: Temporada 2: Después del Superbowl (Parte 2)","11/11/19"
"Friends: Temporada 2: Después del Superbowl (Parte 1)","11/11/19"
"Friends: Temporada 2: Boda de lesbianas","11/11/19"
"Friends: Temporada 2: Ross y Russ","11/11/19"
"Friends: Temporada 2: El papá de Phoebe","11/11/19"
"Friends: Temporada 2: La lista","11/11/19"
"Friends: Temporada 2: Ross se entera de la verdad","11/11/19"
"Friends: Temporada 2: El bebé en autobús","11/11/19"
"Friends: Temporada 2: Carne para cinco y una berenjena","11/11/19"
"Friends: Temporada 2: Llegó el esposo de Phoebe","11/11/19"
"Friends: Temporada 2: El Sr. Heckles pasó a mejor vida","11/11/19"
"Friends: Temporada 2: La leche materna","11/11/19"
"Friends: Temporada 2: La nueva novia de Ross","11/11/19"
"Friends: Rachel por fin se da cuenta","11/11/19"
"Friends: El del nacimiento","11/11/19"
"Friends: El extraño factor","11/10/19"
"Friends: La falsa Mónica","11/10/19"
"Friends: El cruel ortodoncista","11/10/19"
"Friends: El día que Marcel se fue","11/10/19"
"Friends: Jugando póquer","11/9/19"
"Friends: Segunda de dos partes","11/9/19"
"Friends: Primera de dos partes","11/8/19"
"Friends: El intoxicado","11/8/19"
"Friends: Corazones de dulce","11/8/19"
"Friends: Hablemos de senos","11/8/19"
"Friends: Las doce lasagnas","11/8/19"
"Friends: Uno con la Sra. Bing","11/8/19"
"Friends: Uno con el mono","11/8/19"
"Friends: Día de Acción de Gracias","11/8/19"
"Friends: El apagón","11/7/19"
"Friends: El hombre del trasero","11/7/19"
"Friends: Uno con George Stephanopoulos","11/7/19"
"Friends: Uno con el pulgar","11/7/19"
"Friends: Donde el ultrasonido llega al final","11/7/19"
"Los ilusionistas 2","10/13/19"
"Sherlock: El banquero ciego","10/6/19"
"Apache: La vida de Carlos Tevez: El gran día","10/5/19"
"Apache: La vida de Carlos Tevez: Las dos caras de una moneda","10/5/19"
"Apache: La vida de Carlos Tevez: Dos madres, un acto de amor","10/4/19"
"Apache: La vida de Carlos Tevez: El valor de la identidad","10/4/19"
"Apache: La vida de Carlos Tevez: Un mundo nuevo, el origen","10/4/19"
"Apache: La vida de Carlos Tevez: El legado","10/4/19"
"Apache: La vida de Carlos Tevez: Entre el plomo y la desilusión","10/3/19"
"Apache: La vida de Carlos Tevez: 1984","10/3/19"
"Sully: Hazaña en el Hudson","10/2/19"
"Élite: Temporada 2: 0 horas desaparecido","9/11/19"
"Élite: Temporada 2: 84 horas desaparecido","9/11/19"
"Élite: Temporada 2: 66 horas desaparecido","9/11/19"
"Élite: Temporada 2: 63 horas desaparecido","9/9/19"
"Élite: Temporada 2: 59 horas desaparecido","9/9/19"
"Élite: Temporada 2: 36 horas desaparecido","9/9/19"
"Élite: Temporada 2: 34 horas desaparecido","9/8/19"
"Élite: Temporada 2: 20 horas desaparecido","9/8/19"
"Aliados","7/10/19"
"River, el más grande siempre","7/9/19"
"Stranger Things: Stranger Things 3: Capítulo ocho: La batalla de Starcourt","7/6/19"
"Stranger Things: Stranger Things 3: Capítulo siete: La picadura","7/6/19"
"Stranger Things: Stranger Things 3: Capítulo seis: E pluribus unum","7/6/19"
"Stranger Things: Stranger Things 3: Capítulo cinco: Los desollados","7/5/19"
"Stranger Things: Stranger Things 3: Capítulo cuatro: La prueba del sauna","7/5/19"
"Stranger Things: Stranger Things 3: Capítulo tres: El caso de la guardavidas perdida","7/4/19"
"Stranger Things: Stranger Things 3: Capítulo dos: Ratas de centro comercial","7/4/19"
"Stranger Things: Stranger Things 3: Capítulo uno: ¿Me copias, Suzie?","7/4/19"
"Stranger Things: Capítulo cinco: La pulga y el acróbata","6/28/19"
"Otro día para matar","5/13/19"
"Guardianes de la galaxia","5/2/19"
"Iron Man: El Hombre de Hierro","5/2/19"
"Vengadores: La era de Ultrón","4/28/19"
"Capitán América y el Soldado del Invierno","4/6/19"
"Ricardo Quevedo: Los amargados somos más","4/6/19"
"Tom Segura: Mostly Stories","4/6/19"
"Sebastian Maniscalco: Quédate con hambre","4/6/19"
"The Avengers: Los Vengadores","4/1/19"
"The Umbrella Academy: Temporada 1: El Violín Blanco","3/3/19"
"The Umbrella Academy: Temporada 1: Cambios","3/3/19"
"The Umbrella Academy: Temporada 1: Escuché el rumor","3/3/19"
"The Umbrella Academy: Temporada 1: El día que sí fue","3/3/19"
"The Umbrella Academy: Temporada 1: El día que no fue","3/2/19"
"The Umbrella Academy: Temporada 1: Número Cinco","3/2/19"
"The Umbrella Academy: Temporada 1: Hombre en la luna","2/23/19"
"The Umbrella Academy: Temporada 1: Extra Ordinaria","2/23/19"
"The Umbrella Academy: Temporada 1: Run Boy Run","2/23/19"
"The Umbrella Academy: Temporada 1: Solo nos vemos en los casamientos o velorios","2/23/19"
"Un espía y medio","2/23/19"
"Capitán América: El primer vengador","2/19/19"
"Mi obra maestra","2/18/19"
"Agustín Aristarán: Soy Rada","2/16/19"
"COMEDIANTES del mundo: México: Franco Escamilla","2/16/19"
"El stand de los besos","2/15/19"
"Sex Education: Temporada 1: Episodio 8","2/8/19"
"Sex Education: Temporada 1: Episodio 7","2/8/19"
"Sex Education: Temporada 1: Episodio 6","2/8/19"
"Sex Education: Temporada 1: Episodio 5","2/8/19"
"Sex Education: Temporada 1: Episodio 4","2/8/19"
"Sex Education: Temporada 1: Episodio 3","2/8/19"
"Sex Education: Temporada 1: Episodio 2","2/8/19"
"Sex Education: Temporada 1: Episodio 1","2/8/19"
"Flash: Temporada 4: Somos Flash","2/1/19"
"Flash: Temporada 4: Piensa rápido","2/1/19"
"Flash: Temporada 4: Harry y los Harrison","2/1/19"
"Flash: Temporada 4: Por eso está ella","2/1/19"
"Flash: Temporada 4: Furioso canalla","2/1/19"
"Flash: Temporada 4: Déjate ir","2/1/19"
"Flash: Temporada 4: Null está enojada","1/28/19"
"Flash: Temporada 4: Corre, Iris, corre","1/28/19"
"Flash: Temporada 4: Entrada al tiempo Flash","1/25/19"
"Flash: Temporada 4: Sujeto 9","1/20/19"
"Arrow: Temporada 6: Diferencias irreconciliables","1/18/19"
"Flash: Temporada 4: Colores verdaderos","1/18/19"
"Flash: Temporada 4: Querida, encogí al equipo","1/17/19"
"Flash: Temporada 4: El Caballero Elástico asciende","1/17/19"
"Flash: Temporada 4: El juicio de Flash","1/17/19"
"Flash: Temporada 4: No corras","1/15/19"
"DC's Legends of Tomorrow: Temporada 3: Crisis en Tierra X, parte 4","1/15/19"
"Flash: Temporada 4: Crisis en Tierra X, parte 3","1/9/19"
"Arrow: Temporada 6: Crisis en Tierra X, parte 2","1/9/19"
"Supergirl: Temporada 3: Crisis en Tierra X, parte 1","1/9/19"
"Flash: Temporada 4: Por lo tanto, soy","1/9/19"
"Flash: Temporada 1: Piloto","1/4/19"
"Flash: Temporada 4: Cuando Harry conoció a Harry...","1/4/19"
"Flash: Temporada 4: Noche de chicas","1/4/19"
"Flash: Temporada 4: El alargado viaje hacia la noche","1/4/19"
"Flash: Temporada 4: Suerte para una dama","12/28/18"
"Flash: Temporada 4: Señales mixtas","12/28/18"
"Flash: Temporada 4: Flash renacido","12/28/18"
"Los juegos del hambre: Sinsajo (el final)","12/26/18"
"Guardaespaldas: Episodio 6","12/12/18"
"Guardaespaldas: Episodio 5","12/12/18"
"Guardaespaldas: Episodio 4","12/12/18"
"Guardaespaldas: Episodio 3","12/10/18"
"Guardaespaldas: Episodio 2","12/7/18"
"Guardaespaldas: Episodio 1","12/5/18"
"Gotham: Temporada 4: Un día en los Narrows","12/3/18"
"Gotham: Temporada 4: Un cerdo por la tarde","11/4/18"
"Gotham: Temporada 4: El camino de la daga","10/29/18"
"Gotham: Temporada 4: La cabeza del demonio","10/21/18"
"Gotham: Temporada 4: Aquellos que se esconden tras las máscaras","10/20/18"
"Gotham: Temporada 4: El cosechador de miedo","10/20/18"
"Gotham: Temporada 4: Pax Penguina","10/15/18"
"Gotham: Temporada 3: El destino llama / Alma pesada y sucia","10/15/18"
"Gotham: Temporada 3: Máquina de odio","10/15/18"
"Gotham: Temporada 3: Todos serán juzgados","10/15/18"
"Altered Carbon: Temporada 1: Retorno al pasado","10/15/18"
"Gotham: Temporada 3: Enciende la mecha","10/14/18"
"Gotham: Temporada 3: El acertijo más grande","10/14/18"
"3 %: Temporada 1: Capítulo 1: Cubos","10/14/18"
"Gotham: Temporada 3: Esas delicadas y oscuras decisiones","10/14/18"
"Gotham: Temporada 3: Cómo es que el Acertijo se hizo de su nombre","10/14/18"
"Gotham: Temporada 3: El fino arte de hacer enemigos","10/14/18"
"Gotham: Temporada 3: Sonríe con entusiasmo","10/14/18"
"Gotham: Temporada 3: Fantasmas","10/14/18"
"Gotham: Temporada 3: Cuidado con el monstruo de ojos verdes","10/14/18"
"Gotham: Temporada 3: Bomba de tiempo","10/13/18"
"Gotham: Temporada 3: El verdugo","10/13/18"
"22 de julio","10/13/18"
"Gotham: Temporada 3: Sed de sangre","10/12/18"
"Gotham: Temporada 3: La reina roja","10/8/18"
"Gotham: Temporada 3: Sigue al conejo blanco","10/8/18"
"Gotham: Temporada 3: Cualquier cosa por ti","10/8/18"
"Gotham: Temporada 3: El nuevo amanecer","10/8/18"
"Gotham: Temporada 3: Mírame a los ojos","10/8/18"
"Gotham: Temporada 3: Quemen a la bruja","10/8/18"
"Élite: Temporada 1: Assilah","10/8/18"
"Élite: Temporada 1: Todo estalla","10/8/18"
"Élite: Temporada 1: Todo va a salir bien","10/8/18"
"Élite: Temporada 1: Todos mienten","10/7/18"
"Élite: Temporada 1: El amor es una droga","10/7/18"
"Élite: Temporada 1: Sábado noche","10/7/18"
"Élite: Temporada 1: Deseo","10/7/18"
"Élite: Temporada 1: Bienvenidos","10/7/18"
"Gotham: Temporada 3: Mejor reinar en el Infierno","10/6/18"
"Gotham: Temporada 2: Transferencia","10/6/18"
"Gotham: Temporada 2: Legión de villanos","10/6/18"
"Gotham: Temporada 2: Liberado","10/6/18"
"Gotham: Temporada 2: Azrael","10/5/18"
"Gotham: Temporada 2: Pinewood","10/5/18"
"Gotham: Temporada 2: En el bosque","10/5/18"
"Gotham: Temporada 2: Prisioneros","10/5/18"
"El bosque: Episodio 1","10/3/18"
"Gotham: Temporada 2: Loco amanecer gris","10/3/18"
"Gotham: Temporada 2: Esta bola de barro y maldad","10/3/18"
"Gotham: Temporada 2: Un hombre muerto no siente frío","10/2/18"
"Gotham: Temporada 2: Sr. Freeze","10/1/18"
"Luis Miguel - La serie: Temporada 1: Cuando calienta el sol","10/1/18"
"Gotham: Temporada 2: Peor que un crimen","10/1/18"
"Gotham: Temporada 2: El hijo de Gotham","10/1/18"
"Gotham: Temporada 2: Una píldora difícil de tragar","10/1/18"
"Gotham: Temporada 2: Esta noche es la noche","10/1/18"
"Gotham: Temporada 2: El monstruito de mamá","10/1/18"
"Gotham: Temporada 2: Fuego","9/30/18"
"Gotham: Temporada 2: Escarificación","9/30/18"
"Gotham: Temporada 2: Fuerza de ataque","9/27/18"
"Gotham: Temporada 2: El que ríe último","9/26/18"
"Gotham: Temporada 2: Toc, toc","9/26/18"
"Gotham: Temporada 2: Malo si lo haces","9/26/18"
"Gotham: Todas las familias felices se parecen","9/25/18"
"Gotham: El yunque o el martillo","9/25/18"
"Gotham: El quirófano","9/25/18"
"Gotham: Depredadores","9/23/18"
"Gotham: Todos tienen un Cobblepot","9/23/18"
"Gotham: Capucha Roja","9/23/18"
"Gotham: El ciego vidente","9/23/18"
"Gotham: El Espantapájaros","9/22/18"
"Gotham: El temible Dr. Crane","9/22/18"
"Gotham: Bienvenido de nuevo, Jim Gordon","9/22/18"
"Gotham: Lo que le dijo un pajarito","9/22/18"
"Gotham: Galería de sospechosos","9/21/18"
"Gotham: Lovecraft","9/21/18"
"Gotham: Harvey Dent","9/19/18"
"Gotham: La máscara","9/19/18"
"Gotham: El paraguas del Pingüino","9/19/18"
"Gotham: El Espíritu de la Cabra","9/19/18"
"Gotham: Viper","9/19/18"
"Gotham: Arkham","9/19/18"
"Gotham: El Globero","9/18/18"
"Gotham: Selina Kyle","9/18/18"
"Gotham: Piloto","9/17/18"
"Merlí: Aristóteles","8/29/18"
"Merlí: Maquiavelo","8/29/18"
"Merlí: Platón","6/2/18"
"Merlí: Los peripatéticos","5/29/18"
"Death Note","3/20/18"
